index,species_default_150,species_inhome_mix_pairs,species_default_200,species_default_50_epoch,species_random_fair_batch,species_inhomo_fair_batch,species_random_with_pair,species_inhomo_shuffle_once,species_default_40_epoch
0,0.58,0.62,0.59,0.6,0.61,0.61,0.61,0.62,0.6
1,0.58,0.62,0.57,0.6,0.62,0.62,0.61,0.63,0.6
2,0.59,0.61,0.59,0.59,0.61,0.62,0.61,0.61,0.59
3,0.59,0.62,0.59,0.59,0.61,0.61,0.62,0.61,0.59
4,0.58,0.61,0.59,0.58,0.62,0.62,0.61,0.62,0.6
5,0.59,0.62,0.59,0.6,0.62,0.61,0.61,0.62,0.59
mean,0.585,0.6166666666666667,0.5866666666666666,0.5933333333333334,0.615,0.615,0.6116666666666667,0.6183333333333333,0.595
var,2.5000000000000042e-05,2.222222222222226e-05,5.5555555555555673e-05,5.555555555555565e-05,2.5000000000000042e-05,2.5000000000000042e-05,1.3888888888888915e-05,4.7222222222222316e-05,2.5000000000000042e-05
