index,species_default_150,species_inhome_mix_pairs,species_default_200,species_default_50_epoch,species_random_fair_batch,species_inhomo_fair_batch,species_random_with_pair,species_inhomo_shuffle_once,species_default_40_epoch
0,0.49,0.49,0.49,0.5,0.49,0.49,0.49,0.49,0.49
1,0.49,0.49,0.49,0.5,0.49,0.49,0.49,0.49,0.49
2,0.49,0.49,0.49,0.5,0.49,0.49,0.49,0.49,0.5
3,0.49,0.49,0.49,0.5,0.49,0.5,0.49,0.49,0.49
4,0.49,0.49,0.49,0.5,0.49,0.49,0.48,0.49,0.49
5,0.49,0.49,0.49,0.5,0.49,0.49,0.49,0.49,0.49
mean,0.49000000000000005,0.49000000000000005,0.49000000000000005,0.5,0.49000000000000005,0.4916666666666667,0.4883333333333333,0.49000000000000005,0.4916666666666667
var,3.0814879110195774e-33,3.0814879110195774e-33,3.0814879110195774e-33,0.0,3.0814879110195774e-33,1.3888888888888915e-05,1.3888888888888915e-05,3.0814879110195774e-33,1.3888888888888915e-05
