index,species_default_150,species_inhome_mix_pairs,species_default_200,species_default_50_epoch,species_random_fair_batch,species_inhomo_fair_batch,species_random_with_pair,species_inhomo_shuffle_once,species_default_40_epoch
0,88.786148,88.078932,88.71502,89.928262,89.058467,89.377528,89.066596,89.290142,89.664072
1,88.916211,87.84929,89.01579,90.283903,89.385657,89.619363,89.038145,89.479139,89.458817
2,88.940598,88.200866,89.221046,90.180259,89.172272,89.088951,88.893857,89.355173,90.115228
3,88.90605,88.117544,89.442559,90.304225,89.072693,89.653911,88.387831,89.436462,89.255594
4,88.879631,88.910114,88.778019,89.37956,89.521816,89.674233,87.908224,88.987339,88.739407
5,88.320767,88.946695,89.0605,89.694556,89.259658,89.269819,88.680472,89.594976,89.517752
mean,88.7915675,88.3505735,89.03882233333336,89.96179416666666,89.24509383333334,89.44730083333333,88.66252083333335,89.35720516666667,89.45847833333333
var,0.04671499944024918,0.17837262487058433,0.06167925001088984,0.11337952138180563,0.027733319660472305,0.0480956684868064,0.16710452310113763,0.036497842299138626,0.17255466630488955
