index,random_fair_on_pair,random_pair_on_pair,inhome_pair_on_pair,inhome_fair_on_pair
0,53.772071,54.735152,56.661316,55.537721
1,55.858748,54.735152,56.661316,59.069021
2,56.179775,55.216693,55.05618,55.858748
3,56.661316,56.179775,54.735152,55.537721
4,56.500803,54.253612,58.747994,54.414125
mean,55.7945426,55.0240768,56.37239159999999,56.083467199999994
var,1.0986035175522413,0.4266620836269608,2.04468157289984,2.4692822843745614
