index,species_default_150,species_inhome_mix_pairs,species_default_200,species_default_50_epoch,species_random_fair_batch,species_inhomo_fair_batch,species_inhomo_shuffle_once,species_default_40_epoch
0,85.416217,88.316331,86.852405,87.268469,87.881776,87.837088,88.307085,87.174469
1,85.712084,88.977409,84.96163,88.263938,88.262397,88.809443,89.116097,87.518106
2,86.849324,88.530527,86.738373,87.582827,88.191512,88.695411,88.051284,87.459549
3,86.581194,88.270102,86.473326,87.256141,87.638302,88.038956,87.821678,87.155977
4,85.517922,88.331741,87.149814,86.299196,87.80781,88.755509,88.240823,87.074306
5,85.952476,88.23466,87.211453,87.621352,88.818689,87.935711,88.496625,86.873979
mean,86.0048695,88.44346166666666,86.56450016666668,87.38198716666666,88.100081,88.34535299999999,88.338932,87.20939766666667
var,0.2862252322059139,0.0658292584732214,0.5752944511891417,0.34610496282447284,0.14957047076466876,0.17102784596633466,0.16496419986399805,0.04878429072855465
